ID,labels,text
314960726,Negative,This weather on some bullshit .
314960390,Negative,"@mention good crowd in Wrigley today, terrible weather. tell that redneck that just called in 2 check the Reds crowd on a Wed. day game"
314961089,Negative,First and last time walking to a class on Friday in Cornell. Thanks to the snow. #ItsMay
314960518,Negative,My room is freezing :/ or im jus too cold :S
314960427,Negative,@mention storm? Be safe! The weather has been crazy lately!
314960889,Negative,Its a million degrees
314961288,Negative,So the storm is no joke back in greensboro
314960940,Negative,@mention Hey what's up stranger? not a whole lot over this way I'm back in MI and hating the weather lol What about u
314960834,Negative,RT @mention: Why is my house below zero degrees all the time?
314960795,Negative,This weather has left me completely incapable of functioning as a normal person.
314961091,Negative,Its freezing in Boston hows the weather in Providence???
314960723,Negative,@mention Happy Birthday....weather is so shitty yeeeesh! Well atleast smile bright :D
314960631,Negative,"Freezing, wet, and still looking at rocks @mention @mention"
314961286,Negative,@mention I think there is a hint of sunshine here... but I may have to send out for a latte. So cold my muscles have seized up!
314960784,Negative,Fuck you tavi you stupid fucking idiot. Cancel practice before we fucking drive 35 minutes in a fucking storm to medina you fuck
314961327,Negative,"I don't mind stormy weather, but IT BETTER NOT make @#$* neighbor's car alarm go off all night like last night, or I'll...well, something."
314961034,Negative,@mention no shelters but keep close watch on weather :(( hugs
314961249,Negative,I dunno which asshole in the sky flunked out of weather school or whatever but I should not need a jacket in May
314960892,Negative,Good morning and HOLY HUMIDITY! This is the one thing about moving back east from Colorado that I didn't miss..my face hates it!
314961285,Negative,It's hot as fuck outside . If y'all going out put on extra deodorant
314961231,Negative,@mention Powerbomb the humidity as well please!
314960706,Negative,MU softball opener delayed: Bad weather pushes DePaul-Indiana to 8:30 p.m. {link}
314961011,Negative,I see it's still windy here in Vegas. Can't say I missed it. #fb
314961200,Negative,"We all know that rainy days can be stressful when your kids are stuck inside, desperate for activities to occupy... {link}"
314960559,Negative,I hate this bi-polar weather in san Antonio
314961129,Negative,Its hot as a BITCH outside !
314960788,Negative,it's too damn hot for the power to be out....
314960387,Negative,@mention s friday at 6 at tha stadium ...if tha weather bad its gone be in tha gym at 3
314961279,Negative,"HOT, HOT, and HOT this weekend with a chance of storms, Kendra's webcast is brand new and online now: {link} #fb"
314960771,Negative,Ready to be in the house! Its hot out here!
314960927,Negative,On my way baby keep my spot warm lmao RT @mention This thunderstorm makes me wish I had someone to cuddle with
314961314,Negative,Really hot outside
314961092,Negative,Why did i wear this lil dress???? Im freezing in this airport. Damn.
314961116,Negative,A friend of mine named Judy and family are en route right thru the path of storm to KC. Prayers plz.
314960793,Negative,RT @mention: @mention I was hoping the colder weather would hasten their demise...I'm afraid it's only prolonged our inevitable d ...
314960975,Negative,"@mention Thanks, I hope the same for you too. I'd be more inclined to go outside if it wasn't this hot already..."
314960458,Negative,I am freezing! I wanna cuddle (:
314961215,Negative,Riding out the storm: local housing still sluggish {link}
314961049,Negative,I left my a/c on last nite woke up freezzzinnggg! I dnt remember putn it on no dam 60 degrees... Smh
314960898,Negative,Hitting the 90s that's naked weather
314961107,Negative,Freezing
314960560,Negative,"@mention shhhh, just cum to the philippines where it's sunny and shitty everyday"
314961272,Negative,Got chilly feet :( (I'm slyly tryna seem cute)
314960664,Negative,Where's the sunshine? I think Texas is calling my name! Time to move back home!
314960611,Negative,Looks like rain. For ever. #weather {link}
314961265,Negative,@mention i hope!! i've been sick as a dog lately. fucking weather has me screwed up. :-(
314960589,Negative,@mention Yeah I was sick recently too. It's probably the weather or something.
314960470,Negative,Mad windy for no reason
314960739,Negative,Preparing for the worst but still praying for the best with this storm stuff!
314961377,Negative,RT @mention: Do NOT go out to move your car in a hail storm. Your car can be fixed. You might not be fixable. #preparenow
314960903,Negative,Goodness it got cold quick!! It was just 80 degrees in NYC! #wheresmycoat
314960478,Negative,It's cold as hell outside and they in the pool kickin it o_O
314960398,Negative,RT @mention: Need that warm weather to come back
314960603,Negative,RT @mention: they just interrupted the emergency weather program with another emergency weather warning. TAKING OUR ASSES TO THE BATH ...
314961120,Negative,"Sports day was alright, weather was shit"
314960434,Negative,It's fuckin hot out
314961350,Negative,"@mention That's about what our temp is here, too!!  It was rather warm yesterday til storms - now it's so cold again!!  =/"
314961257,Negative,Wishes I was cool enough to wear my uggs in 100 degree weather
314960455,Negative,What's with all the rainy weber?
314961037,Negative,"The bad news about warm weather, there seem to be more assault crimes. {link}"
314961151,Negative,Damn its hot out. Even when not working on a 240 degree engine...
314960836,Negative,omg it so windy !!!!!
314960413,Negative,"In Florida, the hotter it is outside, the colder it is inside. Freezing at my desk today."
314960881,Negative,damn its goin rain all next week -.- where the 80's weather att ?
314961259,Negative,Absolutely FREEZING after lunch. I need to warm up!
314960868,Negative,"RT @mention: Significant damage from a tornado in Joplin, MO.  Appears windows blown out at hospital.  Live coverage on The Weather Ch ..."
314960632,Negative,"Hope everyone is having better weather than we are here in New England.  Ugh, hope it stops raining sometime soon."
314961335,Negative,"@mention that was the effect I was hoping for haha, I hated that snow, I looked gorgeous that day bed head with old clothes on haha"
314960483,Negative,@mention rrrrriiight who yu tellin idk weather to be mad or cry -__-
314960634,Negative,"Really, what is going on with this weather....Tent no tent......that is the question for all my brides right now......"
314961061,Negative,God it's been raining on and off...that's what you get for Michigan weather
314960399,Negative,"I want the sunshine back, please come back :)"
314960887,Negative,RT @mention: Lol yall crazy! RT @mention: out campn with @mention waitn on da new jays in da cold its #serious
314960840,Negative,RT @mention: I ffucked enough hoes now its time 2 count money cuz i'll be damn if dis summer be dark n sunny!!!
314960799,Negative,It's too hot out. Fuckin aye
314960619,Negative,Gosh the scanner is active this morning. Is everyone misbehaving because the sunny weather went away?
314960910,Negative,Holy fucking shit I just eargasmed so hard listening to the new Cave In with an approaching storm.
314960938,Negative,Is anyone else just sick and tired of this weather?
314960864,Negative,Me too RT @mention wowww can #detroit ever get normal and warm weather! Now I'm stuck in traffic motherr efferrr
314961336,Negative,Another rainy day! Blah.
314961340,Negative,my children are not dressed for today's weather.  mommyskills -5
314960472,Negative,It is literally pissing it down in sideways rain. I have nothing to protect me from this monstrous weather.
314961310,Negative,"Every day that I think about washing my car, I turn on the weather and it's supposed to rain. Like legit, EVERY single time."
314961338,Negative,RT @mention: Ready to get on this flight back to slc. Later mammoth. Kinda bummed snow season is over not gonna lie
314960999,Negative,I wish i was wearing pants right now. Its chilly outside.
314960388,Negative,I hate this weather. Good day for a movie marathon though... Xmen! :D
314960984,Negative,"@mention Heard you're filming in LA. I studied at LSU few years ago. Still remember the weather it's like ""public sauna."" Stay cool:)"
314961135,Negative,@mention hey wojo just to let u know while you freezing yours in michigan I am sweating mine off in the hot fl sun! @mention @mention
314960777,Negative,"Freaking out about this final, and the library is so damn hot!"
314960774,Negative,"This weather is crazy, especially while driving. Maybe ballet will be canceled!"
314960646,Negative,RT @mention: My room is freezing
314961244,Negative,Clothes fail. Packing for London weather was a mistake #Manchester
314960408,Negative,it's hot  as #Truck outside
314960741,Negative,the storm outside = no bueno
314961277,Negative,Idk y she got all this COLD air blowing out on the baby like this....
314960899,Negative,Its Freezing D;
314961177,Negative,fuckin hell. its gonna rain and be chilly in st louis. of course. why can't it be like 90 and sunny.....ill never go there again LOL
314960670,Negative,Omg it's so freaking freezing in this biiiiiiiiiitch!
314960459,Negative,"""@mention: @mention awwww sounds sad lol its always hot there so yaw need a break anyway""--that's not fair, I want nice weather lol"
314961179,Negative,i want to go out..but its cold and yucky out so idk
314961372,Negative,I wanna do something fun but I don't want to be caught out in the storm tonight so I think I'll just stay home lol
314960481,Negative,Horrible wet morning.....bring back the sunshine!
314960839,Negative,@mention yikes. sounds like you know your seasons. #louisville on that crazy stuff like #detroit weather-wise.
314960466,Negative,This weather keeps me under the covers.
314960604,Negative,Why has the weather sucked so bad lately? A hurricane isn't gonna stop me from getting my swag on.
314960628,Negative,Need some warm Cappuccino on this ugly rainy day. (@ 7-Eleven) {link}
314960425,Negative,eww its 81% humidity  today :I
314960450,Negative,This cold weather got me ready to lay up wit someone else's girlfriend.. #DontJudgeMe
314960728,Negative,RT @mention: sooooo annoyed with these weather tweets. we live in ohio what do you expect? #getoverit
314961237,Negative,RT @mention: Why is it 80 degrees inside and outside? I need another blizzard.
314960402,Negative,"@mention If this is what Seattle is like, I'm not surprised somebody killed Rosie Larsen. Everybody must be surly. #TheKilling #Rain"
314960934,Negative,"misty, cloudy, rainy evening spoiled viewing of beautiful Niagara Falls..."
314960803,Negative,I hate auto lock doors. Locked myself out of my apartment and am freezing to death outside in a tee shirt. #fb
314960912,Negative,"Damn weather, just turn and stay sunny."
314960677,Negative,@mention same here in the bluegrass! I could do w/o the humidity though! :-)
314960626,Negative,I also need to know why it's 65 degrees out right now. Stooooopppp.
314961035,Negative,"Humidity, why must you do such unorthodox things to my hair?"
314961066,Negative,Hanging around nothing else to do but frown rainy days and #mondays always get me down -The Carpenters
314960493,Negative,RT @mention: Freezing! O.o WeLoveSwift
314960722,Negative,Why the fuck all my teachers tryna go outside today?! Its too hot for dat shit
314961006,Negative,50 degrees and rainy. Guess there's no cookout.
314960969,Negative,It's so hot that I have found out (the hard way) that my seat belt buckle could be used as a branding iron #teamfollowback
314961371,Negative,"Guess another severe #Thunderstorm is heading toward #WV. :-/ 
#NoMoreRain"
314961275,Negative,"Not summer yet, its still chilly Willy out here."
314960667,Negative,This weather knocked everyone out
314960587,Negative,The gas and this weather need to get off that bull shit lol
314961373,Negative,"Prayers going out to Joplin, Missouri and everyone affected by all this crazy weather!"
314960403,Negative,@mention ditto I should have worn shorts today! Hello humidity!
314960748,Negative,"Greaaaat. So, the room i'm testing in, is freezing! Wtf. :/"
314960647,Negative,I have too much to do today -___- And the weather doesn't make it any better.
314961206,Negative,@mention nope. Never got a chance to head out. Next time. Thanks for the recommendation. Wish weather was better down there
314961088,Negative,The weather is so gloomy and cold :(
314961378,Negative,Not outside but looking out the window at them. Its to hot to be bothered by the animals.
314961172,Negative,"Cold and rainy here in Boston, Wish I was in ATL with the #Krewe"
314960865,Negative,"Goddamn this weather! Can't run in the rain. Oh well, at least PSN is back up."
314961344,Negative,@mention  Thx - sounds like you've gone through some crazy weather...
314960878,Negative,happy monday! striving to overcome the grey doldrums here... how do you rise over icky weather? (supposed to rain the whole week here!)
314961185,Negative,"We got hot chocolate here at the Ridgeland baseball park. HOT WHAT! From a coast boy, this is some crappy cold weather for May."
314961209,Negative,Where'd the sunshine go ):
314960913,Negative,Water sprinkler damage requires professional cleanup before the Atlanta weather makes it difficult to prevent... {link}
314961022,Negative,40 & rainy is such a letdown after last week's weather :( Good day to move into a bigger bedroom though!
314960962,Negative,I could seriously listen to @mention all day long. p.s. this storm is bad! i'm scared
314960546,Negative,@mention unfortunately this wife doesn't come with a log of firewood for those chilly nights.
314960394,Negative,Freezing cold Like always whoo buddy excited for tonight let's go #11in11
314961302,Negative,Rhode Island: sunshine all beautiful _ MA : Dark n grey skies! Shits ugly!
314960986,Negative,"Have to say though I think I have wind burn!  Wow it was windy! However tent,  windbreak, ME AND ER and guests survived!"
314960701,Negative,GM all looking at another rainy week don't let it make you weak!!
314960456,Negative,Thinking the cloudy super cool weather is making me xtra sleepy 2day
314961312,Negative,Nothing like sirens going off in the area to add a sense of immediacy to the weather reports.  At least the worst has passed to the north.
314961103,Negative,#bestdogever Crummy weather in WI. Perfect day for chilling with girl and K9. {link}
314960654,Negative,@mention where are you? save the young girl in the storm center she is out of her comfort zone.
314961233,Negative,On my way to the Train... Storm comes at 5 my train leaves at 5:15 =O
314961030,Negative,Man its so windy out here
314960503,Negative,@mention you are welcome! doing great-except sooo tired of this weather! how about you!?
314961323,Negative,It's bone chilling cold outside!!
314961005,Negative,What's going on with everyone on this rainy gloomy day? Me just getting ready to go to the grocery store.
314961093,Negative,"May be a long night.  More bad weather to come, so please limit travel and listen to warning sirens or alerts on the radio & t.v."
314960641,Negative,"@mention today has just been a weird day all round. I would blame the weather, but, it just seems to easy."
314961119,Negative,"My brother told me it.was hot out , so I came out in a tank , now I'm freezing"
314960991,Negative,Its #Cold N Herr ..
314961054,Negative,guess ill go move my car...the weather jus fucked up my plans...once again
314960500,Negative,RT @mention: I think those American nutters must have misinterpreted a bad weather forecast #rapture
314960812,Negative,cold in here cold outside
314960686,Negative,The weather is getting hot again. *sigh*
314960816,Negative,"Putting all utensil away, covering all mirrors/monitor/television, staying away from windows and hiding in the closet! A storm is coming BRB"
314961038,Negative,@mention SNOW!!!!!!  Where the heck are you?
314961245,Negative,"Fund raiser at Boyd Ranch a success, although auction cut short due to windy wind."
314960879,Negative,"@mention So this weekend? 3 rainy days in a row and it's May Term you don't have to do anything for class, duh :p"
314960462,Negative,Probably Bad News: Anything For a Blizzard: Probably Bad News: Anything For a Blizzard Submitted by: Unknown Epi... {link}
314960850,Negative,"@mention Exactly, hot weather got these rats on the prowl."
314961300,Negative,VA drive carefully.  Hopefully the storm doesn't hit us too bad.  I'm good as long as the power stays on.
314961308,Negative,"@mention and a #happymonday 2 u too sweets. Im coolin, just at work tryin 2 stay warm. this bama weather is skidzo lol. what u doin?"
314960808,Negative,soooo its cold outside grrr -_-
314960645,Negative,Buggin for only having a t shirt on...shaking like a stripper #freezing
314960496,Negative,Out walking enjoying the sunshine...NOT!
314960583,Negative,"Ok so its like 78 degrees, he has on some timbos, shorts with an full length leather coat.. Wow, #damshame."
314960965,Negative,Insaneeee weather over here!!!!
314960952,Negative,"Dateline: Elkhart Lake, WI - It's cloudy, chilly, rain in the forecast - perfect for manic depression. For testing a race car, not so much."
314960681,Negative,A storm with quarter-sized hail is making the situation in Joplin even tougher {link}
314960507,Negative,it's 80 degrees for what?
314960637,Negative,"Me and katilyn chatting up the movie, walk outside.. OMG. Sprint to car. We don't like thunder storms. #mature"
314960995,Negative,It's gonna rain in #SanFrancisco tmr. I need to get my #run in today so tmr will b my run rest day. #weather
314961078,Negative,60 degrees. And its almost the end of may. Wisconsin... I hate you.
314961278,Negative,Argh. WHY does the guy behind me have his AC blowing straight at me on this bus?  Freezing!
314961123,Negative,Man the weather so shitty in the Chi.....summer needs to come on
314961216,Negative,Ughhhhhh its so damn hot outside
314960392,Negative,in the house washing clothes on this rainy day #BORED
314960648,Negative,72 degrees and sunny. Yeah it's  going to hell in a hat box
314960539,Negative,hot weather puts me in a bad mood .
314960679,Negative,Storm-Downed Tree Kills Twin Sisters: Twin sisters were were killed when severe storms blew through parts of the... {link}
314960945,Negative,This weather is depressing.
314960672,Negative,NYC weather is so disrespectful this week
314961036,Negative,Five months after the ice storm killed my sago palms I just realized that they're in pots and I could have moved them inside. Yup. #dumbass
314960566,Negative,RT @mention: Damn this thunder storm kame out of No where
314961238,Negative,- this house is beyond cold..feels like imm layin inside a freezer..can we please turn OFF the A.C.. #freezing
314961056,Negative,sounds like the weather won't be so great this weekend surprise that is never a sure thing at any point #justsayin :D #Chicago
314960943,Negative,@mention @mention Im so cold and shaking now :( Omg 6 minuites x Im freaking out
314961130,Negative,"My gosh! Its too hot outside... 
{link}"
314961235,Negative,This weather forecast is depressing
314960454,Negative,@mention Hi Monali! Nice to meet you! I'm SUPER jealous of your profile picture..sure beats the rainy weather in DC!
314960563,Negative,Polo boots in 80 degree weather #fail
314961357,Negative,Ahhh weather so hot!!!
314960552,Negative,Omg storm and hail please go away so I can catch my flight home!! #ihatestorms
314960826,Negative,Ain't shit going down n it's fucking hot outside
314961352,Negative,RT @mention: Uqhhh it's sooooo hot outside ! #Texasweather
314961019,Negative,@mention moving is already such an unpleasant activity! Sorry about the weather! :(
314960930,Negative,It is hot ass hell outside
314960437,Negative,#Today's #Cubs-#Giants game has been postponed due to the forecast for inclement weather & poor conditions throughout the day.
314960588,Negative,7:30 final and its like 95 degrees. I can't take the biggest exam of the year under these conditions. #stupidhot
314960932,Negative,Just got to my apt... It's 2 damn hot outside for me!
314960381,Negative,The slowest day ever !! And the weather makes it even worse !
314960538,Negative,Im not complaining but it's FREEZING in my room!
314961282,Negative,Ooooh I know its gone be 1671 degrees at that track meet friday and full of niggas
314960914,Negative,"The happy, chirping birds this morning confused me. I thought there might be sunshine. Just gloominess. What are you smiling about, birds?"
314961007,Negative,@mention they got me goin out in this storm..riskin my life..just cause I can't afford to miss a day of class..smh!
314961325,Negative,The weather has been Forks-ish lately! #Twilight RT @mention: Edward Cullen is painting with @mention and I. {link}
314961210,Negative,"Well, those thunderstorms as I was doing yard work were nice."
314960469,Negative,"@mention It cld be 4 degrees and yu wld have me outside in shorts, lol... #JustCrazy!"
314961087,Negative,"No b-roll video will be shot until the weather warms up! Watching fans, drivers and crews in winter coats is not enjoyable TV."
314960982,Negative,Been lazying ALL DAY. Exams in 2 days. BUT I CAN'T STUDY IN THIS WEATHER.
314960524,Negative,@mention I am too haha it's kinda hot out though
314960447,Negative,It's 66 fucking degrees muthafucker it's hot... Time to get half naked :)
314960809,Negative,It's Jus to hot outside to be sleepin n clothes
314961311,Negative,Really hoping the weather forecast for this weekend is a lie. Come on Blue Skies!!!
314960964,Negative,why is just windy by my post is it because all of the trees and buildings!
314960581,Negative,I been freezing but didn't wana get up to fool with the air #lazytweet
314960993,Negative,RT @mention: Its hot af outside.
314960833,Negative,@mention: RT @mention: Cleveland weather blows me .
314960564,Negative,the weather didnt scare me away from the stores tonight!
314960623,Negative,I just realized that I am probly the only person dumb enough to be Tweeting @mention IMDB info while stuck outside in a hail storm Lol
314961053,Negative,soo I pressed my way out to bible study in this weather! truly a #sacrifice
314960615,Negative,"Needless to say, it is scorching out. I am still hot and I have been back inside for quite some time now."
314960499,Negative,"Even when the rain falls, even when the flood stops rising, even when the storm comes, I am washed by the water."
314960843,Negative,WTH....VA with this damn bipolar ass weather....
314960512,Negative,RT @mention: Miami weather is just like Charlie Sheen.. Bi-polar!
314961043,Negative,@mention Insomnia and thunderstorms kept me up all night...So much fun...
314960715,Negative,So the weather is gettin pretty bad..Idk if im still gonna b able to come home today :-S
314960725,Negative,"RT @mention: @mention yeah me too,i`m freezing man...don`t let that sunshine fool you FOOOOOOOOOOOOOOOOOOOOOOL!!!!!!!!!!!"
314960449,Negative,@mention Hint: It's windy. Nowhere super fun just yet...
314960798,Negative,@mention stuck overnight?! That's awful! I've been delayed by blizzard but it was before my flight too off. I feel sorry for connecting.
314961234,Negative,"@mention Fun Vata article! It's so windy here, everyonne's Vata is through the roof!"
314960575,Negative,RT @mention: You know the old saying: April showers bring May severe thunderstorms.
314961359,Negative,"Good dreary, rainy, foggy, drizzly, misty, stormy morning everyone."
314960569,Neutral,@mention you will be missed. Hope weather is ok
314961360,Neutral,RT @mention: ...even the weather in OKC is #thunder[ing]up
314961204,Neutral,"US National Weather Service Lower Mississippi River Forecast Center
The Vicksburg District of the US Army Corps of... {link}"
314960902,Neutral,Special Weather Statement issued May 13 at 6:42PM EDT expiring May 13 at 9:45PM EDT by NWS Buffalo {link}... {link}
314960579,Neutral,Gov. Bentley: 238 storm related fatalities in Alabama {link}
314960977,Neutral,Fire Weather Watch issued May 18 at 5:52AM CDT expiring May 19 at 9:00PM CDT by NWS Midland-Odessa {link}... {link}
314961318,Neutral,"RT @mention: Morning! Dry start to day, with some patchy fog. An isolated shower/storm possible later, but not as many as yesterday. ..."
314960781,Neutral,Is it hot outside?
314960506,Neutral,RT @mention: It'll be sunny again by time you land RT @mention: Every time I think about going back to Portland it starts ra ...
314961098,Neutral,"Tatum, NM @ 7:00 PM: Temp:86F(H 90/L 52), Hum: 8&#x25;, DewPt:17F, Wind: S at 18 G 40.0 mph, Rain:0.00 In. #weather"
314960421,Neutral,"I'm gonna take a bath and read. I planned to make pasta puttanesca for dinner, but the weather is making me want Chipotle Chicken Chowder."
314960687,Neutral,"Statesville, NC Weather - 2:00 PM- Fair Skies, Temp: 74.9, Wind: 3.6, Rain Today: 0.00"
314960772,Neutral,It's windy here too. RT @mention: Rustling night | blows me away | clutching at straws | where cosmic winds | carry your scent #micropoetry
314960750,Neutral,84.2F (Feels: 89.9F) - Humidity: 67% - Wind: 15.2mph SSE - Gust: 20.6mph - Pressure: 1011.8mb (-0.2)  #weather {link}
314960660,Neutral,#WEATHER:  8:53 pm : 67.0F. Feels F. 29.82% Humidity. 6.9MPH Southeast Wind.
314960653,Neutral,Updated flood information with rain continuing....{link}/
314960678,Neutral,"Scattered showers, thunderstorms possible for Las Vegas {link}"
314960718,Neutral,#WEATHER:  12:52 am: 74.0F. Feels F. 30.03% Humidity. 5.8MPH Southeast Wind.
314960418,Neutral,Just arrived at Garrett- 55 degrees- going to be a cool night.
314960978,Neutral,#WEATHER: 11:54 am : 67.0F. Feels F. 29.95% Humidity. 11.5MPH South Wind.
314960727,Neutral,@mention its not. 70 and sunny tomorrow.
314961152,Neutral,A church in Tuscaloosa is adopting 25 storm victim families from the Rosedale Community: {link}
314960855,Neutral,"@mention Seriously, that's February weather!"
314960490,Neutral,#WEATHER: 2:55 pm E: 75.0F. Feels F. 29.96% Humidity. 3.5MPH Northwest Wind.
314961218,Neutral,#sunshine
314960717,Neutral,#WEATHER:  1:53 pm : 59.0F. Feels 58F. 30.06% Humidity. 6.9MPH West Wind.
314961269,Neutral,"Saw the storm damage in La Crosse, as did the gov. A WWII vet shares his storm story @mention on NBC15. {link}"
314960656,Neutral,Severe Thunderstorm Warning for Lancaster County in PA until 7:30pm EDT. #pawx
314961298,Neutral,New event. Severe Thunderstorm Warning from 5/25/2011 1:15 PM to 2:15 PM CDT for Christian Coun... Read more at {link}
314960591,Neutral,We have been Busy collecting Wal Mart Gift Cards Via Pay Pal to Give to Tornado and Storm Victims to Present to... {link}
314961303,Neutral,Severe Thunderstorm Warning for Allen and Van Wert County in OH until 7:45pm EDT. #ohwx
314960590,Neutral,VIDEO: Hay fever surges in UK heatwave {link}
314960460,Neutral,"Thunderstorms today, high 69 (21 C)."
314961267,Neutral,The weather better be decent in KC because I'm going through Tribe withdraw.
314961144,Neutral,Weather chills hot air balloon stampede {link}
314960755,Neutral,#WEATHER:  12:56 am: 56.0F. Feels 52F. 29.81% Humidity. 18.4MPH Southwest Wind.
314961166,Neutral,#WEATHER:  3:55 am : 61.0F. Feels F. 29.60% Humidity. 0.0MPH North Wind.
314961159,Neutral,Health Department Implements Mosquito Control: After all the wet weather areas around your home could be ideal... {link}
314960981,Neutral,#WEATHER:  6:51 pm : 74.0F. Feels F. 29.88% Humidity. 0.0MPH North Wind.
314960430,Neutral,Severe Thunderstorm Warning issued May 19 at 3:40PM MDT expiring May 19 at 4:30PM MDT by NWS Boulder {link}.... {link}
314961137,Neutral,...SCATTERED THUNDERSTORMS DEVELOPING ACROSS WEST TEXAS AND SOUTHEAST NEW MEXICO WILL BE CAPABLE OF PRODUCING DRY LIGHT {link}
314960693,Neutral,"Severe Thunderstorm Warning for Fulton, Knox, and Peoria County in IL until 7:45pm CDT. #ilwx"
314960858,Neutral,Special Weather Statement issued May 09 at 10:29AM CDT expiring May 09 at 11:30AM CDT by NWS LaCrosse {link}... {link}
314961256,Neutral,There's got to be a least 50 people still left at the old Overstock.com Coliseum. No Overstock on A's fans on rainy nights. #MLB
314960486,Neutral,RT @mention: Looks like t-storm with 60+ mph winds within 30 minutes of downtown #joplin
314961058,Neutral,#WEATHER:  4:56 pm : 70.0F. Feels F. 29.96% Humidity. 6.9MPH East Wind.
314960922,Neutral,Looking up in columbus circle #nyc #rain {link}
314960596,Neutral,"""LIKE"" our brand new Northwest Weather Podcast page!  Mark and Brian are recording their 4th episode today.  You... {link}"
314961219,Neutral,#WEATHER: 5:54 am C: 69.0F. Feels F. 29.54% Humidity. 13.8MPH South Wind.
314960951,Neutral,#WEATHER: 6:51 pm E: 62.0F. Feels 60F. 29.94% Humidity. 12.7MPH South Wind.
314960630,Neutral,"Sunny skies over by KC Library, Plaza branch. But ominous skies over Downtown KC. Sirens still ringing. {link}"
314960541,Neutral,Northern IN likely to go under a weather watch per SPC soon...details to come.
314960707,Neutral,RT @mention: #Salute to @mention for going to show the kids love out in Tuscaloosa who were affected by the storm. {link}. ...
314961157,Neutral,#WEATHER: 2:56 am E: 64.0F. Feels F. 29.96% Humidity. 4.6MPH East Wind.
314960600,Neutral,"Gardner WX 05/17/11 07:00 AM | 44F, 65&#x25; Humidity, Feels Like 44F | Alerts: NO CURRENT ADVISORIES | {link}"
314961175,Neutral,Severe Thunderstorm Warning for Atchison and Leavenworth County in KS until 9:45pm. Updates as needed from Bryan Busby
314960765,Neutral,#WEATHER:  3:56 pm : 64.0F. Feels F. 30.05% Humidity. 8.1MPH Northeast Wind.
314960990,Neutral,"Severe Thunderstorm Warning for Benton, Carroll, Madison and Washington County until 8:30pm. #arwx"
314961148,Neutral,"#cltnews WBTV 3 News, Weather, Sports, and Traffic for Charlotte, NC-AptarGroup to ... - WBTV {link}"
314961008,Neutral,#WEATHER:  7:53 pm : 79.0F. Feels F. 29.63% Humidity. 24.2MPH Southeast Wind.
314961368,Neutral,#WEATHER:  4:53 pm : 89.0F. Feels F. 29.72% Humidity. 21.9MPH South Wind.
314961176,Neutral,#WEATHER:  3:53 am : 38.0F. Feels 28F. 29.98% Humidity. 18.4MPH North Wind.
314961033,Neutral,@mention It's a weather alert app that is usually $10.
314960511,Neutral,"RT @mention: According to the weather on @mention 's phone, every day is going to be a muffin.  {link}"
314960432,Neutral,"Tornado season really is nvr over. If its a severe thunderstorm, a tornado can form RT @mention How long is (cont) {link}"
314961018,Neutral,Lluvia/rain (Observemos El Tiempo/Weather Watchers):  {link}
314960947,Neutral,this must be the end.  the weather channel has gone into commercial-free mode.
314960416,Neutral,"@mention yeah, i'm talking, you see these pics of the river up on the rocks, as opposed to storm conditions"
314960691,Neutral,Special Weather Statement issued May 05 at 5:14PM CDT expiring May 05 at 6:15PM CDT by NWS Central Illinois... {link}
314960759,Neutral,@mention you around Detroit at all?  Got a weather page set up for it.
314961307,Neutral,Flash #flood warning in effect for parts of Long island due to tstorm. #SNE #weather #NYC  {link}
314961316,Neutral,New event. Severe Thunderstorm Warning from 5/19/2011 3:57 PM to 5:00 PM CDT for Woodward Count... Read more at {link}
314960949,Neutral,"San Antonio, Texas Weather :: 77F OVERCAST from San Antonio, Texas Weather {link}"
314960802,Neutral,"13:42-Sky:  partly cloudy|Vis: 8mi -Temp: 83.1F-Hum: 66.0 %-Pres: 29.82""-24Hr Rain: 0.00""-Winds: N 3.1 MPH-Windchill: 87.9F #cltwx"
314960544,Neutral,"RT @mention: Don't try to stop the storm,just wait with patience and faith until the storm pass away and the rainbow come to bright your  ..."
314961009,Neutral,"Mostly sunny today, high 70 (21 C)."
314961250,Neutral,Am I the only person who heard that loud thundering storm last night or was that just me?
314961147,Neutral,Sunshine to continue throughout Western New York {link}
314960789,Neutral,@mention love ya profile pic gorgeous. How's the weather in Atl
314960601,Neutral,"Listening to KFOR-TV via Weather Channel -- they are reporting tornado is 1/2 mile wide, debris 1.5 miles around tornado"
314960382,Neutral,Fire Weather Watch issued May 17 at 4:21PM CDT expiring May 19 at 9:00PM CDT by NWS Lubbock... {link}
314961225,Neutral,"Lmao! Yesssss, I miss him. =( RT @mention @mention member @mention slipped in the snow wen he was tryna dig my car out my lmao"
314960612,Neutral,@mention fine bout to go this interview. How's the weather there???
314960526,Neutral,Stay safe all! RT @mention: New event. Severe Thunderstorm Watch from to 11:00 PM EDT for @mention {link}
314961339,Neutral,WX ALT: ...A SEVERE THUNDERSTORM WARNING REMAINS IN EFFECT UNTIL 630 PM EDT FOR NORTHEASTERN PICKENS...NORTHWESTERN... {link}
314961163,Neutral,"Partly sunny this afternoon with isolated t-showers.  ~80. Becoming more humid tonight as warm front approaches, then passes. Warm. 60."
314961182,Neutral,"#Storm #Clouds at #Twilight 
{link} 
#Redmond #Oregon #Photography #RedGage"
314960761,Neutral,"A GATOR found on in jamestown, details at 7/10 plus sports and weather"
314960729,Neutral,Wednesday - Partly sunny. Slight chance of rain showers in the morning...then a slight chance of thunderstorms in...  {link}
314960548,Neutral,"RT @mention: Tatum, NM @ 8:00 PM: Temp:75F(H 84/L 45), Hum:30&#x25;, DewPt:42F, Wind: SE at 17 G 27.0 mph, Rain:0.00 In. #weather"
314961243,Neutral,#WEATHER: 12:56 pm : 77.0F. Feels F. 29.88% Humidity. 3.5MPH Variable Wind.
314960521,Neutral,#WEATHER:  1:53 am : 61.0F. Feels 58F. 29.75% Humidity. 18.4MPH West Wind.
314960711,Neutral,87.4F (Feels: 95.3F) - Humidity: 63% - Wind: 9.8mph S - Gust: 15.9mph - Pressure: 1010.9mb (-0.1)  #weather {link}
314960525,Neutral,"If a storm picks up, lean into the wind instead of turning away from it if you want to keep balance"
314960782,Neutral,Weather for Seattle    {link}
314960484,Neutral,"If you're in need of any huge logs or branches, there are plenty floating in the Yellowstone River right now. #rain #flooding #Billings"
314960758,Neutral,Spending this rainy day at the museum #MOMA #Sundayafternoon @mention
314961263,Neutral,"73 and 87% humidity and it isn't even 6 a.m. This is Oklahoma's way of saying ""welcome home!"""
314960520,Neutral,Heavy Dust Storm Blankets Parts Of Chandler: A good sized dust storm blew through the east valley blanketing par... {link}
314960851,Neutral,It is a soup day. . . And a selling golf carts by text message rainy day. . . Outside of the box? Or genius?
314961085,Neutral,#WEATHER:  2:55 pm : 86.0F. Feels F. 30.06% Humidity. 4.6MPH Southeast Wind.
314961113,Neutral,New:: Tsunami warning EAS TSW on tv and weather radio {link}/
314961027,Neutral,"BLOG: Another Day, Another Round Of Thunderstorms {link}"
314960522,Neutral,#C4IforHumanity: Extreme Weather - North-America - USA {link}
314960844,Neutral,Wednesday - Snow showers. Snow accumulation 3 to 5 inches. Highs in the 30s.  {link}
314960689,Neutral,@mention hows them weather in. hawaii
314961063,Neutral,Got a quick run in before day 3 of weather starts.
314961094,Neutral,"Operation Heatwave Survey, May 21st, area centered around Fitzhugh and Live Oak. {link}"
314960537,Neutral,"Weather data at 06:30 AM. 42.5&#xB0;F, 92&#x25; humidity. Wind: 0.0 mph from the N. Rain: 0.00 in. NO CURRENT ADVISORIES"
314960875,Neutral,"This hot, dry, & windy weather is going to turn the #canola fast. Keep a close eye on it if you plan on swathing or pushing. #okanola"
314960406,Neutral,@mention Is any part of this storm system going to make it across the mountains/in to NC & SC?
314960841,Neutral,@mention how's the weather there?
314961040,Neutral,"The weather channel local on the 8s just said it was ""sunny"". LOL {link}"
314961069,Neutral,#WEATHER:  1:54 pm : 53.0F. Feels 49F. 29.82% Humidity. 12.7MPH Northwest Wind.
314960419,Neutral,RT @mention: Strongest storm now crossing Natcher Parkway south of Masonville & moving into northern Ohio County. #tristatewx
314961197,Neutral,@mention @mention Tech Ops stated that the ticket is on hold until storm damage is repaired. No ETR yet.
314961264,Neutral,Severe weather delays Players Championship - {link}
314961329,Neutral,"RT @mention: severewarn: Severe Thunderstorm Warning for Benton, Mille Lacs, and Sherburne County in MN until 7:45pm CDT. #mnwx"
314961301,Neutral,Weather expectations/reality {link}
314960558,Neutral,#NMFire #NMwx Fire Weather Watch issued May 21 at 1:28PM MDT expiring May 23 at 9:00PM MDT by NWS Albuquerque... {link}
314960439,Neutral,#WEATHER:  3:53 am : 57.0F. Feels 55F. 29.98% Humidity. 10.4MPH North Wind.
314961170,Neutral,"Live web coverage from Springfield, MO of the #Joplin #tornado: {link}/  Thanks @mention"
314960743,Neutral,"RT @mention: My kids keep using words like ""fresh air"" & ""sunshine."" Must go investigate. While I'm gone, would you read? {new post}  ..."
314960657,Neutral,"RT @mention: Weather Geek alert... #NOAA shows La Nina weakening (Seattle peeps, looking good for summer!) {link}"
314960762,Neutral,Weather Halts And Ends Tied Game In Seattle - GoDucks.com - The ... {link}
314960893,Neutral,"Severe Thunderstorm Warning until 05:45 PM CDT issued for Edwards & Kiowa Counties with 60mph gusts & 1.00"" hail possible"
314960409,Neutral,WZTV FOX17 :: Weather {link}
314961260,Neutral,"Severe Weather In Dallas Causes Flight Delays, Diversions In SA from KSAT - Local News {link}"
314960479,Neutral,"Check it out!! RT @mention: I posted 46 photos on Facebook in the album ""Storm Damage"" {link}"
314960787,Neutral,#WEATHER:  7:56 am : 67.0F. Feels F. 29.96% Humidity. 4.6MPH Southeast Wind.
314960967,Neutral,"#tropicalstorm, #philippines: 1200Z 9 May 11 #JTWC ATCF Track, Tropical Storm 03W (Aere). {link} #aere #bebeng #03w"
314960618,Neutral,"Tuesday's Hourly Wx for St. Mary's County:
* 7AM: Rain. 62*F.
* 12PM: Rain. 68*F.
* 3PM: Thunderstorms. 71*F."
314961319,Neutral,"Weather keeping you indoors today? Join us for worship this weekend! Saturday at 5:30 pm, Sunday at 8:00 or 10:45 am."
314960810,Neutral,On our way ;-) RT @mention: Its 83 Degrees & only Noon @mention just landed We Bout to be Outchea (cont) {link}
314961156,Neutral,@mention I'm off on Thursday but I'm keeping local at the moment for the lack of spondos! If it's sunny I'll be out photographing...
314961274,Neutral,WX ALT: ...A SEVERE THUNDERSTORM WARNING REMAINS IN EFFECT UNTIL 145 AM EDT FOR SOUTH CENTRAL GASTON COUNTY IN THE... {link}
314961136,Neutral,Cold weather. Taylor Swift is playing. Suddenly sleepy..zzZzZ
314961026,Neutral,its gonna be 90 degrees Tuesday and Wednesday
314960607,Neutral,78.1F (Feels: 78.1F) - Humidity: 87% - Wind: 9.2mph NE - Gust: 13.0mph - Pressure: 1008.7mb (+0.5)  #weather {link}
314961195,Neutral,"Gardner WX 05/18/11 03:00 AM | 49F, 55&#x25; Humidity, Feels Like 49F | Alerts: NO CURRENT ADVISORIES | {link}"
314960680,Neutral,@mention It's supposed to go up to 70 today. Sunshine early. A slight chance for a shower or t-storm later. Going to my Aunt's house later.
314961047,Neutral,is it to cold outside to be wearing sandals ?
314960767,Neutral,#WEATHER: 12:53 am : 49.0F. Feels 47F. 29.95% Humidity. 5.8MPH Northeast Wind.
314960714,Neutral,#WEATHER:  9:56 pm : 67.0F. Feels F. 29.83% Humidity. 11.5MPH Northeast Wind.
314960635,Neutral,"Gardner WX 05/12/11 06:00 AM | 58F, 86&#x25; Humidity, Feels Like 58F | Alerts: NO CURRENT ADVISORIES | {link}"
314960551,Neutral,#WEATHER: 4:53 pm C: 84.0F. Feels F. 29.87% Humidity. 9.2MPH South Wind.
314961083,Neutral,Pic: Check out the little T-storm that just popped up on radar south of the track. {link}
314960847,Neutral,Special Weather Statement issued May 13 at 1:46PM CDT expiring May 13 at 2:45PM CDT by NWS Mobile {link}/
314960785,Neutral,@mention We live out in the country (or the Boonies as we like to call it) so we see these things quite often as it starts to warm up.
314961045,Neutral,"Well, blake survived the weather! RT @mention: Had to go with my gut on this one. This is a tough position to be in.  #TheVoice"
314960747,Neutral,#storm yeah? {link}/
314961023,Neutral,"#ncwx Conditions for Durham, NC at 12:49 pm EDT: Current Conditions:
Partly Cloudy, 86 FForecast:
Mon - Isolated Thunderstorms. High:..."
314961369,Neutral,"RT @mention: RT @mention: BREAKING: Large, wedge tornado on the ground coming into Okla City LIVE on our weather blog {link} ..."
314961031,Neutral,Hi Dawn :) @mention you plz send some of your warm OK weather here. Brrrrr :D Hope you're having a gr8 Monday! DawnRachel13 @mention
314960555,Neutral,"RT @mention: Hot day in Moab today, went to Arches National Park but wife and kids petered out after a 2mi hike. Definitely have to come  ..."
314961315,Neutral,Art In A Busy World: Sketching On Rainy Days. {link}
314960642,Neutral,"It's on the windy side, but still in the 70's downtown #ColoradoSprings! Happy hour now until 6:00 pm at @mention"
314961111,Neutral,#WEATHER:  8:52 pm : 63.0F. Feels 62F. 29.78% Humidity. 11.5MPH Southeast Wind.
314960884,Neutral,I'm just a hippie...in the woods...playing her djembe on a rainy sunday afternoon {link}
314960797,Neutral,#WEATHER:  1:56 am : 66.0F. Feels F. 30.09% Humidity. 26.5MPH East Wind.
314960970,Neutral,"RT @mention: TORNADO WARNING N central TX TORNADO NEAR SAGINAW...MOVING EAST SOUTHEAST AT 40 MPH.  SOFTBALL SIZED HAIL
{link} ..."
314961013,Neutral,"@mention maybe the spring humidity, bones expanding"
314960783,Neutral,"RT @mention: Tonight and tomorrow, partly cloudy. Lows around 56. Highs around 76. Chance of storms. #Richmond #weather"
314960908,Neutral,#WEATHER: 3:54 pm M: 81.0F. Feels F. 29.66% Humidity. 20.7MPH Southwest Wind.
314961305,Neutral,national storm reports... here are the raw observations for the tornado reports today. {link}
314960602,Neutral,Watch KNWA now. Dan Skoff & Clint Boone are tracking severe weather in Benton County. Possible tornadoes may be brewing
314961024,Neutral,"Fair and 45 F at Butler County Automatic Weather Observing / Report, PA {link}"
314961169,Neutral,Hail storm-1 andrew-0
314961313,Neutral,Post Edited: La Crosse Technology Weather Direct WD-3308U-WAL 4 Day Internet Powered Wireless Forecaster {link}
314960919,Neutral,"RT @mention: SEVERE STORM WARNING SE MN  13 MILES NORTH OF WINDOM...AND MOVING NORTH AT 40 MPH
{link} for HD weather ..."
314961110,Neutral,@mention u like to swim when its cold outside....
314960423,Neutral,"Thunderstorm Light Drizzle in Vicinity and 68 F at Jacksonville Municipal Airport, IL Winds are from the South at 13.8  {link}"
314960867,Neutral,Ohio Tornado Database contains reports of over 950 tornadoes that have touched down in Ohio between 1950-2010. {link} @mention
314961032,Neutral,In need of a long nap & some sunshine.
314961155,Neutral,"houston weather, may 21, diverticulitis, may 21st, ...: houston weather
may 21
diverticulitis
may 21st
mary tyle...  {link}"
314960557,Neutral,"Severe Storm Damage In Southeast Wisconsin: At the height of Sunday's severe storms, thousands lost power in... {link}"
314960395,Neutral,...SHOWERS AND THUNDERSTORMS MOVING SLOWLY OVER THE AREA... AN AREA OF RAIN WITH EMBEDDED THUNDERSTORMS WILL DRIFT SLOW {link}
314960790,Neutral,"Tatum, NM @ 12:00 PM: Temp:90F(H 91/L 55), Hum: 3&#x25;, DewPt:-1F, Wind: WSW at 18 G 28.0 mph, Rain:0.00 In. #weather"
314961289,Neutral,"Local6: Mail Fail: When Deliveries Go Wrong: Through rain or shine, snow or sleet, the mail always gets delivere... {link}"
314961181,Neutral,lets get the candles out massive lightening storm on the isle of wight tell me if it is lighening where u r
314961082,Neutral,Valley Center area is under a several thunderstorm watch until 10 p.m.
314960987,Neutral,"Sweden Climate, Temperatures &amp; Weather Info | It&#39;s a Stormy Life {link}"
314960393,Neutral,#WEATHER:  2:53 pm : 57.0F. Feels 56F. 30.10% Humidity. 6.9MPH Northwest Wind.
314961194,Neutral,"Partly Cloudy and 84 F at Stuart Powell Field Airport, KY The humidity is 40%.
The heat index is 83.
 Last Updated on M {link}"
314960815,Neutral,It's 82 degrees
314961291,Neutral,"{link} Montreal Weather Webcams st. Hubert street Plaza, Qc. Canada"
314960592,Neutral,watching enter the dragon on this rainy rainy night then off to sleep
314960742,Neutral,MLB Weather Alert &#8211; Wednesday May 11th - {link}/
314960492,Neutral,RT @mention: Congrats OKC is trending. What should be trending is #WatchoutMavs there's about to be a Thunderstorm in Dallas!
314961354,Neutral,"@mention Oh wow, you had hail? We just got dark clouds passing overhead in southern NH. Now it is sunny and windy."
314961096,Neutral,Video: Fox CT: Midday Weather | 5/11 {link}
314960931,Neutral,@mention Am I wrong to think the boy has never seen snow in March?
314961174,Neutral,"Isolated thunderstorms this afternoon, high 87 (31 C).  Low  66 (19 C) tonight."
314960698,Neutral,"Ran 5.9 miles in 52 mins and felt good. 46 degrees at the start of the run, with very little wind. My pre-run... {link}"
314960585,Neutral,RT @mention: RT @mention: U.S. National Severe Weather Alerts Map - WeatherBug.com {link}
314960980,Neutral,"SPC Severe Thunderstorm Watch 321 Status Reports: WW 0321 Status Reports
      

STATUS FOR WATCH 0321 HAS NO... {link}"
314960440,Neutral,"Clouds & Showers East, Sunny & Dry Elsewhere {link}"
314960862,Neutral,"RT @mention: 84 deg. F and 3% humidity. Don't go playing with matches, kids. &gt; and forget the corduroys too.  #friction"
314960853,Neutral,"RT @mention: Iso. t-storm this evening if anything, likely get the game in tonight. #Royals fcast: {link}  Sorry @mention ..."
314961039,Neutral,#WEATHER: 10:53 pm : 49.0F. Feels 46F. 29.94% Humidity. 6.9MPH South Wind.
314961074,Neutral,"""When will I see you again"" by the 3 degrees on the radio has precious moments in the lyrics, on a rainy afternoon #preciousmoments"
314960861,Neutral,227's YouTube ESPN Pro-am draws stars to storm-battered Alabama: Alabama football coach Nick... {link} BCS-College Football
314961321,Neutral,"New: SatWeather  (Weather): SatWeather 1.0Device: iOS UniversalCategory: WeatherPrice: $.99, Version: 1.0 (iTunes) Description:
			Sa..."
314961193,Neutral,"Mostly sunny this afternoon, high 84 (29 C).  Low  66 (19 C) tonight."
314961363,Neutral,#WEATHER: 8:52 pm C: 76.0F. Feels F. 29.76% Humidity. 17.3MPH Southeast Wind.
314961149,Neutral,Vietnamese's ice coffee for this sunny noon. {link}
314960489,Neutral,#WEATHER:  6:52 am : 63.0F. Feels F. 29.65% Humidity. 0.0MPH North Wind.
314960697,Neutral,Photo: weather forecast for the #Rapture {link}
314961297,Neutral,#United States #Wisconsin #Wisconsin Dells #The ButtesThe nation's weather - The Associated Press
314960562,Neutral,"Severe Thunderstorm Warning for Choctaw, Montgomery, and Webster County in MS until 7:45pm. {link} #mswx"
314961101,Neutral,Humidity could make temps feel like 101 today {link}
314961057,Neutral,"RT @mention: Word on the street is, it's going to snow later on today"
314960724,Neutral,Friday Fest es lil chilly!
314960620,Neutral,Severe Thunderstorm Warning for Camden and Miller County until 2:00pm. #MidMoWx
314960713,Neutral,"Severe Thunderstorm Warning for Cooper, Pettis, and Saline County until 7:00pm CDT."
314961353,Neutral,Weather Alert: Flood Warning issued May 22 at 6:32PM MDT expiring May 23 at 9:32AM MDT by NWS Glasgow {link}... {link}
314960738,Neutral,Audible! Skipping KY weather; are now Nashville bound.
314960900,Neutral,@mention I'm doin good 2 jus waiting on some good weather
314961199,Neutral,RT @mention: Thunder storms &gt; Oklahoma City Thunder
314961232,Neutral,"GD: Light Rain and Windy and 54 F at Grand Island, Central Nebraska Regional Airport, NE Winds are from the North at 26 {link}"
314960405,Neutral,"@mention no, normal pajamas. it's not that cold out!"
314960948,Neutral,Now's the time to sign up for ABC 17 severe weather texts: {link} Follow @mention & Facebook: {link}
314960955,Neutral,"Video weather update, including Tornado Watch details: {link}"
314960832,Neutral,#WEATHER:  11:56 pm: 69.0F. Feels F. 29.69% Humidity. 5.8MPH South Wind.
314960401,Neutral,Record LOW humidity in Phoenix today:  {link}
314960384,Neutral,Weekend Weather Causes Delays In I-270 Bridge Work  {link}
314961122,Neutral,@mention it's ok ;o) hot out tho. but cloudy.
314961293,Neutral,It's always nice and sunny on mothers day but stays rainy on fathers day
314960508,Neutral,@mention why didn't Brian say anythng on the weather segment?
314961228,Neutral,Ha! What did I tell you yesterday?! 60% chance of thunderstorms forecast tomorrow and storms forecast all week until Thursday! &gt;:D
314961183,Neutral,Have you taken a look at the hourly graph on the weather channel? We like that option. {link}
314960633,Neutral,Discovery Kids Climate Cubes Weather Information Station - $12.99 + S&H {link}
314960801,Neutral,#WEATHER:  4:53 pm : 67.0F. Feels F. 29.93% Humidity. 8.1MPH Southeast Wind.
314961067,Neutral,RT @mention: RT @mention: #TeamYabaLeft where BB storm onli works inside rain
314960963,Positive,"G'morning, Sunshine: 60s and partly sunny? OK!"
314961224,Positive,I'm outside at 9 o'clock at night at its 75 degrees out. #fuckyeahsummer!!
314961343,Positive,"it's all gone very quiet here at Wine HQ. Maybe everyone has gone home early to enjoy the sunshine?
Whats everyones plan this weekend then?"
314961055,Positive,Today is astonishingly beautiful. The sun is warm. The breeze is cool. There is just enough humidity to make your {link}/
314960780,Positive,Enjoying the Midwest weather!
314960753,Positive,56 Degrees Saturday night?? YES! I love it
314961252,Positive,"@mention Lol, that's called spring weather."
314960465,Positive,I love the weather in PHX right now!!
314961068,Positive,Very cool. RT @mention: 6 photos of the storm rolling progressively in. {link}
314960487,Positive,"BTW, SkyWarn training last night rocked!  I'm certified!  :0)  Let the storm spotting begin!"
314960720,Positive,"Waiting patiently for the electric car. Glorious day in Caithness, huge skies and plenty of sunshine..."
314960770,Positive,What a tease yesterday's nice weather was. .
314960669,Positive,"Y looky here...da window is open 6 inches! It finally getting warmer outside..maybe 60 degrees now..IT""S ABOUT TIME! #whereisspring?"
314961342,Positive,The weather is beautiful. Even the birds are bumping. #mnisdope
314960417,Positive,@mention Looking forward to your show tonight in Salt Lake City. The weather is supposed to be great. Hopefully you'll toss me a pick
314960453,Positive,Sunshine!
314960972,Positive,Loving thia storm!
314961290,Positive,A week from today is Solar SUNday at the Idaho Green Expo.  Let's hope it's sunny so you can be amazed at all of... {link}
314960968,Positive,@mention good morning Viv how are you this beautiful sunny morning
314961133,Positive,Damn well i'm glad the storm went right pass here
314960540,Positive,hope this night is rainy night ^^
314960528,Positive,"@mention just cause there's a #shitstorm at Colby, you make my sunshine! Love you"
314961084,Positive,Outside @mention waiting to see @mention & @mention. It's freezing but worth it :-)!!!!
314960824,Positive,"Right on my way to Chelsea, not sure what pub were going to yet. 

0 3 WIN WE BE NICE

It's sunny here now in, the only way is Essex"
314960467,Positive,@mention paid work is all good :0) Hopefully we'll have lots of sunshine for you to enjoy too xx
314960719,Positive,"Hope everyone had a great weekend, I just LOVE Sundress weather!"
314961072,Positive,RT @mention: Oh goodie...finally warm enough for the neighborhood banshees to be out in the streets cryin about who's turn it is to  ...
314960471,Positive,Spending the afternoon downtown with the family walking around the Canal and enjoying the beautiful weather #nomorerain
314961223,Positive,What up sunshine
314960561,Positive,@mention Here's hoping. :)  How's the weather there?  Did any of those toofans hit you a couple weeks back?
314960915,Positive,"Phones been ringing since 7, must be sunny again! #boutime"
314960594,Positive,"Turned on TV here at the hotel, immediately see meteorologists watching #Wx around Kansas. Glad it was nice weather when I landed here."
314960828,Positive,@mention   I think I have some snow too!  (although it's finally Spring this week!)
314961201,Positive,damn. already 62 degrees out! makes me very happy! :D bring on the heat!
314960443,Positive,Mmmmmm warm sunny afternoon on a patio! (@ The Tavern Tech Center) {link}
314960941,Positive,"Honeys, tonight is First Friday in the Crossroads Art District. And the weather is going to be GORGEOUS! Some come... {link}"
314961355,Positive,Friday evening. Weather? Beautiful. Last man standing at the office. Bitter? Nah. It only makes payday that much sweeter. Stay hungry.
314960737,Positive,Partly Sunny Skies Show Up For Mother's Day - {link}
314961104,Positive,"@mention I was laughing, @mention is running in fresh snow in Boulder and its gotta be in 90s here. Trail was awesome!"
314960859,Positive,The seattle sunshine is making me want to book a cruise.  Love sailing away from seattle when its sunny!!
314960773,Positive,"The lightning from the storm last night was spectacular. They were predicting the storms all day, but you really... {link}"
314960461,Positive,Eat yourheart out too!i'm @ the vacation house.Nice weather&beautiful sight.Nothing like this in SG. ;p @mention  {link}
314960598,Positive,I actually like the #rain... Only because my umbrella is too cool... #zebraprint!
314960764,Positive,High-Atis - It's Always Sunny In Florida  {link} via @mention
314961192,Positive,Going for a walk on the esplanade just because it's sunny out.
314960894,Positive,Such an awesome day out today. Gotta love sunny days.
314960695,Positive,This week in NYC will mark the longest stretch of dry weather since February. #happymonday
314960380,Positive,Grilling kabobs on the grill last night was amazing! I'm so glad this weather is finally  here.
314961208,Positive,@mention not in sunny dover! haha
314961213,Positive,The weather better be right tonight!
314960872,Positive,"Last night was AWESOME. - And the weather is beautiful. Good mood high for the rest of the weekend, which is... {link}"
314960848,Positive,"Going to the zoo today for the first time in ages, the weather is perfect. I might also eat a hamburger #dreambig"
314960692,Positive,Oh yeah forgot to say Today is my kinda weather #AllSmiles #Grateful
314960791,Positive,@mention haha wayne!! Omg!! Snow!!! Lol its warm this morning here. Have a slice of cake for me xx
314960838,Positive,"Nothing beats a cozy, rainy evening in with homemade chili, cornbread, and too much bourbon for a Thursday night."
314961214,Positive,It's 66 baseball degrees at beautiful Baum Stadium.  Let's play two!!
314960468,Positive,"@mention There might be some snow up in the mountains, buh I live in the city so no snow here :)"
314961236,Positive,81 degrees & cloudy! I love the 81 but not the cloudy! !
314960763,Positive,I'll take the lightening over the snow any day! Yay for thunderstorms!
314960505,Positive,Morning sunshine.
314960735,Positive,"@mention haha, sunny down here!"
314961349,Positive,@mention &lt;folks are out enjoying the nice weather. Rain back Friday for the next six days.lol:-(
314961330,Positive,yay it's gonna storm! c:
314961262,Positive,"#WeRockEachOthersWorlds @mention I am proud to be one of your Twitter BFF's, Frank! Hope you are having a #sunny day! *bright smile*"
314961189,Positive,@mention get out of the house and enjoy the nice weather. So I was really upset. But my little cousins are over... so idk
314960446,Positive,"@mention delicious! Lol I have been waiting for this 70 degrees for oh...8 months! No joke. I've been out being a real ""dirty girl"" lol"
314960625,Positive,@mention I agree! Beautiful view. Mine was just walking through Cap Hill but the sunshine made it a nice walk home. Hope it stays.
314961162,Positive,I'm glad it's nice weather here for Bike to Work Day. Not that I did. Bike to work. I just like nice weather.
314961095,Positive,RT @mention: After a cold and rainy week in Ohio Friday and Saturday have been soo beautiful outside
314961180,Positive,RT @mention: s/o the those who keep faith within the storm. The storm never lasts forever. The sun will always shine again.
314960954,Positive,Heading outside for a run. Enjoying this weather as much as I can before the rain inevitably returns.
314960595,Positive,"Friday, sunny and awesome out in Chicago. Happy weekend, Superfans!"
314961375,Positive,"good morning, it's sunny, pick up new car and then off to Wilton house near Salisbury i think"
314960574,Positive,@mention It's sunny here too. And it's closer! :D
314961051,Positive,"RT @mention: Who's excited for TPC this weekend? Sunshine,  beach & golf - life is good!"
314961361,Positive,A'right despite feeling flu-ish im gonna go play some sand volleyball and enjoy the weather with my besties :) more voting l8r #teammusso
314960663,Positive,"Did it. Some folks saw me from above and were taken aback. Your left boot has a tiny leak, good thing the water was above 65 degrees."
314961198,Positive,@mention Because the temperature is 61 Degrees :)
314960869,Positive,YW! RT @mention: Improving my tweet-ability - study time before hitting the sunshine.  Thank you @mention and  @mention for...
314960396,Positive,It is hot out here but it feels great
314960685,Positive,"Looks like sunshine all day. Although, I can't think of 1 outdoor concert in FL when it didn't rain. Bringing ponchos anyway #rockvillefest"
314961229,Positive,Miss the parents pool! RT @mention: Hanging at Inlaws pool and pool house for Mothers Day!! Sunny and 80 degrees! {link}
314960996,Positive,@mention sunny again.. something is clearly afoot! you? #coffeeup
314960699,Positive,"Day 2 DC: On the subway heading to the museums, weather is perfect, body not so much. This weeks walking is starting to kick my ass."
314960804,Positive,"RT @mention: It's getting warm in them thar hills.  Amador County Foothills/Shendoah Valley, Plymouth, CA...nice, sunny, warm,.. ..."
314960960,Positive,Loving this weather (:
314960385,Positive,Passing out now.  working tonight. Storms today would be nice. Would be great sleeping weather. Mmmm
314960605,Positive,Love this Iowa weather that goes from warm and sunny to rainy and lightening in less than 2 seconds:):):)
314960906,Positive,I don't mind the rain... your face is like sunshine &lt;3 &lt;3 &lt;3
314961331,Positive,"Dear perfect weather, thanks for the vest lunch hour of all time. (@ Lady Bird Lake Trail w/ 2 others) {link}"
314960760,Positive,The days half over and I still haven't seen my mother! Upside its 80 degrees outside :)
314960529,Positive,Love my new jewelry books from Powell's. Much needed inspiration on a rainy Monday.
314960593,Positive,"Could really go for some chocolate, a blanket, some music, and a big bay window right now. #rain"
314960567,Positive,@mention it won't last too long...the storm that is.. :) nice & sunny in my neck of the woods..
314960682,Positive,"Call me crazy, but I am enjoying the cool weather. Because I know in a month or so it'll be 1065 degrees outside. #memphisheat"
314960533,Positive,In the 'BU (Malibu) showing leases. The weather is perfect! Click 4 pic&gt; {link}
314960985,Positive,RT @mention: Life is so much more manageable when the weather is nice.
314961168,Positive,I love when it rains but it's bot dark and gloomy out.... This is just perfect weather to not be single.
314960800,Positive,10:00 and its 75 degrees...i'll take it
314961292,Positive,you have been missed semi-perf running weather.
314961362,Positive,In Rhode Island and it's a beautiful sunny day!
314961041,Positive,Couldn't ask for a better forecast @mention @mention @mention @mention {link}
314961118,Positive,@mention sunny I love u
314960383,Positive,Im going to lunch early today.   The weather is nice outside so Im going to enjoy #metime somewhere pleasant :)
314960684,Positive,Could go for a good #storm today.
314960971,Positive,@mention @mention Something else to bear in mind for #muchado - pray for good weather!
314960992,Positive,Cool and rainy.  Solution: rum and cider at 8am! lol
314960866,Positive,Nothing like a lazy Sunday afternoon waiting for storm to roll in
314961021,Positive,Its amazingly hot outside.. That means its time for the pool. Thank Goodness I look good in a 2 piece. :)
314960891,Positive,"This nice weather sure does bring out the ""best"" in blk folks lls"
314961060,Positive,We brought the sunshine from LA... But we also brought the traffic! #SMUGGLERSTOUR {link}
314961161,Positive,RT @mention: Ready for this @mention weekend!! Hope the weather is nice!!
314960431,Positive,Catch The Fish Folks tomorrow at the Weds Downtown Farmers' Market 4-7.  Weather will be great - Copper River Sockeye salmon at great...
314960448,Positive,It honestly sounds more like Florida weather RT @mention: @mention never been to Texas to compare. P.S. its sunny again lol
314960863,Positive,RT @mention: The weather is beyond beautiful ! :)
314961010,Positive,@mention  Sunshine! You lucky dog!
314960622,Positive,"HUGE thunderstorm this morning! Rain..lots of it..(FINALLY) thunder, lightning.. the works.. Texas knows how to have a storm!"
314961270,Positive,Today's weather would be #perfect for the Creek Fest!  Fingers crossed :-)
314960515,Positive,Wonderfully sunny day at Edmond's Art festival  #thelandofperfect
314961015,Positive,The sunshine inspired our sun salutations this AM! Thank you Meg Faber & Flourish Yoga + wellbeing ~ Back Om Again... {link}
314961347,Positive,Arsenal blows. Weather is amazing. Neighbor bumpin music into the courtyard. Some baby screaming. #sunday
314961258,Positive,@mention have to kick off the warm weather by playing mini golf like kids :)
314960877,Positive,This weather makes me very happy!
314961358,Positive,"I wish I had a girlfriend, this is perfect weather to get naked in."
314961333,Positive,Beautiful weather in Chi-town. Going to grab Pizanos with @mention per the rockin rec of @mention
314960973,Positive,I love the window seats at #lakelyn @mention when a storm is rolling in.
314961306,Positive,":)) Dress weather again, yay."
314960883,Positive,Tomorrows 82 degrees ? thats what im fuckin talking abt ^_^ .
314961017,Positive,Oh well I went in the freezing ocean and loved every second of ittt
314960665,Positive,RT @mention: I can't wait for the storm tonight :)
314961240,Positive,The weather gods have been listening. This is the weather I LOVE in #Portland
314960652,Positive,I should've went to Colombia for the month at least they have beautiful weather
314960389,Positive,TGif biatches! Here's to a sunny Friday regardless of rain and drama! #popularnameregardlessofparticipation
314960688,Positive,"@mention it was beautiful, thank you.  Great weather & everyone had fun!!  :)"
314961254,Positive,@mention 's tomato plant is growing so nicely in the weather garden! #weathermanhasagreenthumb !  {link}
314961028,Positive,Today's weather has me dreaming of chocolate. Thankfully we carry some local favorites...  {link}
314960572,Positive,I woke up to a beautiful ball of red coming over the horizon...oh where art thou ball of sunshine so enjoy having your around
314960513,Positive,"Poured a cup of hot sepia coffee in a wisteria flowered mug, dandelion sunshine spilling through the periwinkle sky."
314961212,Positive,@mention You free tonight? Looks like the weather might be on our side.
314960426,Positive,"Nothing says ""Happy Cinco de Mayo!"" like an AP test and a rainy day. #fail"
314960731,Positive,The weather has turned gorgeous! {link}
314960746,Positive,Last full week of school. Summertime sunshine #seeyousoon
314961044,Positive,Today has been a pretty good day....smooth. good weather makes me wanna....nah I can't
314960734,Positive,ain't nothin like walkin out of a salon with a fresh cut and a lollipop on a beautiful sunny day. I love it.
314960494,Positive,"Monday mornings, sunshine and planning ahead: Do you plan for the week ahead on Monday morning o... {link} (Via @mention)"
314961014,Positive,@mention next time u are in Paris & weather allows let's have a picnic
314960870,Positive,"Ran 6.69 kilometers in 31 mins and felt great. Amazing weather, good short run, minus the Propel drink I boug... {link}"
314960871,Positive,Bring on the sunshine bring on the good times :) #summer2011
314961062,Positive,@mention I share you optimism about warmer weather but the storms look quite impressive on radar.
314961255,Positive,"The weather forecast for this evening looks fabulous! Stop by tonight's LPYP ""Rock the Boat"" Party at Columbia Yac {link}"
314961075,Positive,"@mention We've had a lovely weather all week. It started turning today. Now, it's just weird!"
314961287,Positive,@mention we have it here in Blue Ash. We waited out the storm eating fabulous burgers at the Oakley Pub. :)
314960424,Positive,".@mention & I just finished an hour jog on the Bosque. A little windy, but otherwise a beautiful day. It's about time! C'mon SUMMER!"
314961186,Positive,Mostly sunny and 80 degrees saturday. Perfect weather for #preakness
314960578,Positive,"Grateful for the sunny, warm weather. Perfect stroll on the beach with @mention. Photo: {link} #cannonbeach #getaway"
314961247,Positive,@mention I've heard the weather is lovely up there!
314960451,Positive,@mention At least it ain't snow!
314960504,Positive,so sunny and beautiful in Tulsa right now. I decided to spend sometime outside the office and work on my tan.   :)
314961364,Positive,@mention nothing better then woman in warm weather #yeahiamthattype
314960404,Positive,@mention oh nice! We're all the way here in sunny Burbank California!
314960702,Positive,RT @mention: Beautiful weather brings every1 n their mama out SHEESH&lt;&lt; Tell one of dem moms to feed me!!
314960658,Positive,Nice day enjoy the sun and good weather cause I really not in the mood to work...
314960827,Positive,Sunny in Marin County right now. (via @mention // thanks!)
314960857,Positive,Bout to enjoy this sunshine a bit
314960907,Positive,You're the best! Warm weather is calling now--let's make plans :) RT @mention: We all love having @mention & everyday #FF
314961086,Positive,@mention Done with the rain and headed to the beach tomorrow.  Finally sunshine and sand!
314961271,Positive,@mention what!!? Camping is so much fun!! water & sunshine during the day...clear skies & stars @ night!
314961356,Positive,Perfect weather for a natural disaster. I thnk 2012 came early...
314961261,Positive,@mention Fair enough. This weekend has million things going on. It's like everyone decided to celebrate the good weather this weekend.
314960946,Positive,Sundress weather is the best weather.
314961348,Positive,Shoutout to the sunshine this morning #EastSide #Tacoma
314960752,Positive,So far today is pretty great weather wise for this 7lb hot dog BBQ.
314960998,Positive,Umm jealous!! RT @mention: Just checked the weather for Mexico..85 and sunny EVERYday :)
314960666,Positive,"If tommorow is nice weather, that would be the first week all year with good weather every single day! &lt;3 it really is #spring"
314960849,Positive,Anyone streaming video from the parks or resorts today? Looks like nice weather in WDW!
314960811,Positive,"Sunny weather for driving back to San Diego, spending the long Memorial Day weekend w/hubby in 10 days. What makes you smile today? :)"
314960411,Positive,"Hi from sunny Boston. Weather is fine, wish you were here... (@ Joe's American Bar & Grill w/ 2 others) {link}"
314960704,Positive,"Updating a recipe for a summer soup, perfect for the hot weather"
314960901,Positive,"@mention A warm sunny day deserves a delicious, gourmet and slightly pornographic hotdog from Wild Dawgs....."
314960712,Positive,This weather rocks. I like it 4 a little switch up!
314961345,Positive,"Playing euchre in a windy, sunburnt outside tourney drinking yoohoo, wearing zebra print sunglasses break this poker face."
314960517,Positive,"Helloooo, Sunshine!"
314961050,Positive,Sounds delightful! @mention RT: Can't wait to stroll on the beach and brain storm!
314961046,Positive,The sunshine makes me happy.
314960463,Positive,@mention TC: loved the new Fresh Air (#16). Currently flying to warmer weather and the chilled out beats were perfect. Keep it up!
314960837,Positive,It feels grwat in durham lol RT @mention It's sooo hot out here!! #deepsouth
314960988,Positive,Here and Now: Snow on treetops: What could be better?
314960570,Positive,Just in! Joe's Provacateur petite bootcut in the Hannah wash. Perfect for warmer weather! {link}
314961081,Positive,@mention Oh.my.god. Sounds like a little bit of sunny Roses heaven!
314960813,Positive,green snow ..... love that grinder
314961070,Positive,"YES! I hope this rain turns into a Thunderstorm....wait, are my car windows up!?"
314960675,Positive,@mention  loving this awesome Iowa weather!! suppose to be 91 tomorrow..they  say a record high
314960609,Positive,Headed to Maker Faire this weekend.  Weather's supposed to be nice: partly cloudy with a small chance of DOOOOOM.
314960420,Positive,@mention We can finally compete with your weather in FL! Sunny & 70 here in Chicago today!
314961052,Positive,New book. Lemonade. 90 degree weather. #perfection
314961125,Positive,I kno everybody in AZ betta be outside enjoying this Good weather cuz I'm sure its gone be short lived smh
314960659,Positive,Another amazing Southern Hemisphere weather appropriate garment... {link}
314960778,Positive,RT @mention: Our blog this week includes fun outdoor recreation recos. Good timing with this gorgeous weather: {link}
314960956,Positive,So nice to be able to wear a skirt and walk outside in the sunshine without feeling cold! I love the sun. #summer
314961337,Positive,"@mention HAPPY BIRTHDAY!!! You're planning on taking care of this whole rainy cloudy thing right? if not, i'll party in the rain with ya ;)"
314960662,Positive,"@mention I wanna go to the Caribbean , I wanna bring @mention and I wanna see some sunshine! #wannagobw"
314960516,Positive,Waking up to beautiful weather- what a great day it will be!
314960700,Positive,Sunny day man #12 and #35
314960608,Positive,"Happy Mothers Day, enjoy the sunshine, now... looking forward to Fathers Day."
314960491,Positive,FINALLY! The temp outside is over 70.
314961326,Positive,"I'll be at Shuckers - Wake Forest tonight, starting at 6:30! Fantastic weather for an evening on the patio!"
314961165,Positive,"@mention no no! Haha. There are several days, but for some reason today seems extra nice. The weather is beautiful. :)"